CREATE TABLE Cases(_id INTEGER PRIMARY KEY AUTOINCREMENT, caseID INTEGER, caseName TEXT, caseURL TEXT, caseIconURL TEXT);
CREATE TABLE Skins(_id INTEGER PRIMARY KEY AUTOINCREMENT, caseID INTEGER, itemName TEXT, rarity TEXT, flavorText TEXT, fn TEXT, mw TEXT, ft TEXT, ww TEXT, bs TEXT);
INSERT INTO Cases(caseID, caseName, caseURL, caseIconURL) VALUES(1, "CS:GO Weapon Case", "https://www.csgodatabase.com/cases/csgo-weapon-case/", "https://community.cloudflare.steamstatic.com/economy/image/-9a81dlWLwJ2UUGcVs_nsVtzdOEdtWwKGZZLQHTxDZ7I56KU0Zwwo4NUX4oFJZEHLbXU5A1PIYQNqhpOSV-fRPasw8rsRVx4MwFo5_T3eAQ3i6DMIW0X7ojiwoHax6egMOKGxj4G68Nz3-jCp4itjFWx-ktqfSmtcwqVx6sT/360fx360f");

INSERT INTO Skins(caseID, itemName, rarity, flavorText, fn, mw, ft, ww, bs) VALUES(1, "MP7 | Skulls", "Mil-Spec", "A mass grave that fits snugly in the palm of your hands", "empty", "https://community.cloudflare.steamstatic.com/economy/image/-9a81dlWLwJ2UUGcVs_nsVtzdOEdtWwKGZZLQHTxDZ7I56KU0Zwwo4NUX4oFJZEHLbXH5ApeO4YmlhxYQknCRvCo04DEVlxkKgpou6ryFA957ODDZDFO_-O6nYeDg8j4MqnWkyUC7ZYp07iT94j3jVXsqkE-Y2qhJYKcJwA_aA7ZrFC6wLvqgcDt78ud1zI97Xw9NqWl/360fx360f", "https://community.cloudflare.steamstatic.com/economy/image/-9a81dlWLwJ2UUGcVs_nsVtzdOEdtWwKGZZLQHTxDZ7I56KU0Zwwo4NUX4oFJZEHLbXH5ApeO4YmlhxYQknCRvCo04DEVlxkKgpou6ryFA957ODDZDFO_-O7kYSCgvrLP7rDkW4f6ZQj2uvCot-g0VGwrxJkMWD6JoXAcQI8ZwrX_1nrxry6g5606ZyYz2wj5Hfvfqeavw/360fx360f", "empty", "empty");
INSERT INTO Skins(caseID, itemName, rarity, flavorText, fn, mw, ft, ww, bs) VALUES(1, "Aug | Wings", "Mil-Spec", "An eagle looks majestic until it's clawing your eyes out", "https://community.cloudflare.steamstatic.com/economy/image/-9a81dlWLwJ2UUGcVs_nsVtzdOEdtWwKGZZLQHTxDZ7I56KU0Zwwo4NUX4oFJZEHLbXH5ApeO4YmlhxYQknCRvCo04DEVlxkKgpot6-iFA957PXNcClK6c6lq4GekMj4OrzZglRd6dd2j6fEpNik0Vbh-RJvNz2nINTAJgM9Y1CG_lK2lL_q0cPtvJqbySAyuCQq-z-DyC4dac1H/360fx360f", "https://community.cloudflare.steamstatic.com/economy/image/-9a81dlWLwJ2UUGcVs_nsVtzdOEdtWwKGZZLQHTxDZ7I56KU0Zwwo4NUX4oFJZEHLbXH5ApeO4YmlhxYQknCRvCo04DEVlxkKgpot6-iFA957PXNcClK6c6lq4GekMj4OrzZglRd6dd2j6fEpNik0Vbh-RJvNz2nINTAJgM9Y1CG_lK2lL_q0cPtvJqbySAyuCQq-z-DyC4dac1H/360fx360f", "empty", "empty", "empty");
INSERT INTO Skins(caseID, itemName, rarity, flavorText, fn, mw, ft, ww, bs) VALUES(1, "SG 553 | Ultraviolet", "Mil-Spec", "Elegant design paired with brutal intent", "https://community.cloudflare.steamstatic.com/economy/image/-9a81dlWLwJ2UUGcVs_nsVtzdOEdtWwKGZZLQHTxDZ7I56KU0Zwwo4NUX4oFJZEHLbXH5ApeO4YmlhxYQknCRvCo04DEVlxkKgpopb3wflFfwPz3YShQ_NCzq4yCkP_gDLfQhGxUppEl3rGSptmjigfn_0dqZTigdoDAdQ4_YV3XrlnoyOi-gpXv7p7OzyR9-n51Wu8Hu6Y/360fx360f", "https://community.cloudflare.steamstatic.com/economy/image/-9a81dlWLwJ2UUGcVs_nsVtzdOEdtWwKGZZLQHTxDZ7I56KU0Zwwo4NUX4oFJZEHLbXH5ApeO4YmlhxYQknCRvCo04DEVlxkKgpopb3wflFfwPz3YShQ_NCzq4yCkP_gDLfQhGxUppEl3rGSptmjigfn_0dqZTigdoDAdQ4_YV3XrlnoyOi-gpXv7p7OzyR9-n51Wu8Hu6Y/360fx360f", "https://community.cloudflare.steamstatic.com/economy/image/-9a81dlWLwJ2UUGcVs_nsVtzdOEdtWwKGZZLQHTxDZ7I56KU0Zwwo4NUX4oFJZEHLbXH5ApeO4YmlhxYQknCRvCo04DEVlxkKgpopb3wflFfwPz3YShQ_NCzq42Ok_7hPoTdl3lW7Ysi0riS9tSn3Aa2-0Y5a2_2JISRegNtYFjUrgfrwbrojMK_uZibzXQxpGB8svIGbLia/360fx360f", "https://community.cloudflare.steamstatic.com/economy/image/-9a81dlWLwJ2UUGcVs_nsVtzdOEdtWwKGZZLQHTxDZ7I56KU0Zwwo4NUX4oFJZEHLbXH5ApeO4YmlhxYQknCRvCo04DEVlxkKgpopb3wflFfwPz3YShQ_NCzq42Ok_7hPoTdl3lW7Ysi0riS9tSn3Aa2-0Y5a2_2JISRegNtYFjUrgfrwbrojMK_uZibzXQxpGB8svIGbLia/360fx360f", "https://community.cloudflare.steamstatic.com/economy/image/-9a81dlWLwJ2UUGcVs_nsVtzdOEdtWwKGZZLQHTxDZ7I56KU0Zwwo4NUX4oFJZEHLbXH5ApeO4YmlhxYQknCRvCo04DEVlxkKgpopb3wflFfwPz3YShQ_NCzq4iOluHtDLfQhGxUppQk2LrE89ij0QKwqBZlNW2nd4Wce1A2YFqG-lTrxL3s15fo7c7KmCF9-n51vbUi3Fo/360fx360f");
INSERT INTO Skins(caseID, itemName, rarity, flavorText, fn, mw, ft, ww, bs) VALUES(1, "M4A1-S | Dark Water", "Restricted", "Water gives life, but it can also take it...", "empty", "https://community.cloudflare.steamstatic.com/economy/image/-9a81dlWLwJ2UUGcVs_nsVtzdOEdtWwKGZZLQHTxDZ7I56KU0Zwwo4NUX4oFJZEHLbXH5ApeO4YmlhxYQknCRvCo04DEVlxkKgpou-6kejhz2v_Nfz5H_uO3mb-RkvXmMoTVl3la18l4jeHVyoD0mlOx5RVoa23wIo7EdgE2N12F-lPqwLzm0ZPpvpXIz3FmvnZ34n_YmhW01xtSLrs4m_P9LyY/360fx360f", "https://community.cloudflare.steamstatic.com/economy/image/-9a81dlWLwJ2UUGcVs_nsVtzdOEdtWwKGZZLQHTxDZ7I56KU0Zwwo4NUX4oFJZEHLbXH5ApeO4YmlhxYQknCRvCo04DEVlxkKgpou-6kejhz2v_Nfz5H_uO3mb-RkvXmMoTVl3la18h0juDU-LP5iUazrl1oZT_yIo7Hdlc2Yl3Z_FbrlOq-1J64v8jKzHFk63Er5HiPnRa0hBlPcKUx0qB24BFc/360fx360f", "empty", "empty");
INSERT INTO Skins(caseID, itemName, rarity, flavorText, fn, mw, ft, ww, bs) VALUES(1, "USP-S | Dark Water", "Restricted", "Water gives life, but it can also take it...", "empty", "https://community.cloudflare.steamstatic.com/economy/image/-9a81dlWLwJ2UUGcVs_nsVtzdOEdtWwKGZZLQHTxDZ7I56KU0Zwwo4NUX4oFJZEHLbXH5ApeO4YmlhxYQknCRvCo04DEVlxkKgpoo6m1FBRp3_bGcjhQ0927q5qOleX1DL_QhGBu5Mx2gv3--Y3nj1H6qhc4ZGn6doTAIAA2YlDV-Qe3xO7n0cLqtc7Ly3djuXQlsCmPlhy1hAYMMLLPDZXOFA/360fx360f", "https://community.cloudflare.steamstatic.com/economy/image/-9a81dlWLwJ2UUGcVs_nsVtzdOEdtWwKGZZLQHTxDZ7I56KU0Zwwo4NUX4oFJZEHLbXH5ApeO4YmlhxYQknCRvCo04DEVlxkKgpoo6m1FBRp3_bGcjhQ0927q5qOleX1DL_QhGBu5cB1g_zMyoD0mlOx5RBsNWynLdPBewc2Z1vS-Va6lbjv0Za7vpifynU173Ul4C6OyReziR9SLrs4yi8-wy8/360fx360f", "empty", "empty");
INSERT INTO Skins(caseID, itemName, rarity, flavorText, fn, mw, ft, ww, bs) VALUES(1, "Glock-18 | Dragon Tattoo", "Restricted", "In a fairy tale the knight always slays the dragon... but this is the real world - Valeria Jenner, Revolutionary", "https://community.cloudflare.steamstatic.com/economy/image/-9a81dlWLwJ2UUGcVs_nsVtzdOEdtWwKGZZLQHTxDZ7I56KU0Zwwo4NUX4oFJZEHLbXH5ApeO4YmlhxYQknCRvCo04DEVlxkKgposbaqKAxf0v73dS9D69O4q4eHmPT_DLfYkWNF18lwmO7Eu4mh2lXj-RJtajjxJoWcIQ83Y13X-QO2ye_ojJ61u8yfynUwvXYq4XbD30vgIiQpgfY/360fx360f", "https://community.cloudflare.steamstatic.com/economy/image/-9a81dlWLwJ2UUGcVs_nsVtzdOEdtWwKGZZLQHTxDZ7I56KU0Zwwo4NUX4oFJZEHLbXH5ApeO4YmlhxYQknCRvCo04DEVlxkKgposbaqKAxf0v73dS9D69O4q4eHmPT_DLfYkWNF18lwmO7Eu4mh2lXj-RJtajjxJoWcIQ83Y13X-QO2ye_ojJ61u8yfynUwvXYq4XbD30vgIiQpgfY/360fx360f", "empty", "empty", "empty");
INSERT INTO Skins(caseID, itemName, rarity, flavorText, fn, mw, ft, ww, bs) VALUES(1, "Desert Eagle | Hypnotic", "Classified", "You're not getting sleepy, you're passing out from blood loss", "https://community.cloudflare.steamstatic.com/economy/image/-9a81dlWLwJ2UUGcVs_nsVtzdOEdtWwKGZZLQHTxDZ7I56KU0Zwwo4NUX4oFJZEHLbXH5ApeO4YmlhxYQknCRvCo04DEVlxkKgposr-kLAtl7PLJTitH_si_k4-0m_7zO6_ummpD78A_0rzApNrw3FayqUs-YjqgIoWccVVvZAzQqVfqwr_u0JDpup3LynFhuT5iuyj9I0M0JQ/360fx360f", "https://community.cloudflare.steamstatic.com/economy/image/-9a81dlWLwJ2UUGcVs_nsVtzdOEdtWwKGZZLQHTxDZ7I56KU0Zwwo4NUX4oFJZEHLbXH5ApeO4YmlhxYQknCRvCo04DEVlxkKgposr-kLAtl7PLJTitH_si_k4-0m_7zO6_ummpD78A_0rzApNrw3FayqUs-YjqgIoWccVVvZAzQqVfqwr_u0JDpup3LynFhuT5iuyj9I0M0JQ/360fx360f", "empty", "empty", "empty");
INSERT INTO Skins(caseID, itemName, rarity, flavorText, fn, mw, ft, ww, bs) VALUES(1, "AK-47 | Case Hardened", "Classified", "A little color never hurt anyone", "https://community.cloudflare.steamstatic.com/economy/image/-9a81dlWLwJ2UUGcVs_nsVtzdOEdtWwKGZZLQHTxDZ7I56KU0Zwwo4NUX4oFJZEHLbXH5ApeO4YmlhxYQknCRvCo04DEVlxkKgpot7HxfDhhwszHeDFH6OO6nYeDg8j4MqnWkyUIusYpjriToImhjQHg_EZkN2r0cY-RdAI3Z1jT-gS3kO_njZW_7pjB1zI97T2FIK3X/360fx360f", "https://community.cloudflare.steamstatic.com/economy/image/-9a81dlWLwJ2UUGcVs_nsVtzdOEdtWwKGZZLQHTxDZ7I56KU0Zwwo4NUX4oFJZEHLbXH5ApeO4YmlhxYQknCRvCo04DEVlxkKgpot7HxfDhhwszHeDFH6OO6nYeDg8j4MqnWkyUIusYpjriToImhjQHg_EZkN2r0cY-RdAI3Z1jT-gS3kO_njZW_7pjB1zI97T2FIK3X/360fx360f", "https://community.cloudflare.steamstatic.com/economy/image/-9a81dlWLwJ2UUGcVs_nsVtzdOEdtWwKGZZLQHTxDZ7I56KU0Zwwo4NUX4oFJZEHLbXH5ApeO4YmlhxYQknCRvCo04DEVlxkKgpot7HxfDhhwszHeDFH6OO7kYSCgvrLP7rDkW4fuZEk37mYpNun3FXtqUpvMGymIYLEd1U3YF-Eq1S5kOfoh5-_vpiYmGwj5HetcqhLqw/360fx360f", "https://community.cloudflare.steamstatic.com/economy/image/-9a81dlWLwJ2UUGcVs_nsVtzdOEdtWwKGZZLQHTxDZ7I56KU0Zwwo4NUX4oFJZEHLbXH5ApeO4YmlhxYQknCRvCo04DEVlxkKgpot7HxfDhhwszHeDFH6OO7kYSCgvrLP7rDkW4fuZEk37mYpNun3FXtqUpvMGymIYLEd1U3YF-Eq1S5kOfoh5-_vpiYmGwj5HetcqhLqw/360fx360f", "https://community.cloudflare.steamstatic.com/economy/image/-9a81dlWLwJ2UUGcVs_nsVtzdOEdtWwKGZZLQHTxDZ7I56KU0Zwwo4NUX4oFJZEHLbXH5ApeO4YmlhxYQknCRvCo04DEVlxkKgpot7HxfDhhwszHeDFH6OO-kYGdjsj4MqnWkyUGuZVy3LCQo9mjiwC3qBA-Nz37cIeQcAM_YlnTqFm8lb--g5606M_K1zI97UjSHoic/360fx360f");
INSERT INTO Skins(caseID, itemName, rarity, flavorText, fn, mw, ft, ww, bs) VALUES(1, "AWP | Lightning Strike", "Covert", "Sometimes you don't need to strike the same place twice", "https://community.cloudflare.steamstatic.com/economy/image/-9a81dlWLwJ2UUGcVs_nsVtzdOEdtWwKGZZLQHTxDZ7I56KU0Zwwo4NUX4oFJZEHLbXH5ApeO4YmlhxYQknCRvCo04DEVlxkKgpot621FAZt7P_BdjVW4tW4k7-KgOfLP7LWnn9u5MRjjeyPptuj2Qzt_0JsYDymJNDAIQ8-MA7U_1i3w-bphpO1v56bmHBk7yMksWGdwUJq4NI0lg/360fx360f", "https://community.cloudflare.steamstatic.com/economy/image/-9a81dlWLwJ2UUGcVs_nsVtzdOEdtWwKGZZLQHTxDZ7I56KU0Zwwo4NUX4oFJZEHLbXH5ApeO4YmlhxYQknCRvCo04DEVlxkKgpot621FAZt7P_BdjVW4tW4k7-KgOfLP7LWnn9u5MRjjeyPptuj2Qzt_0JsYDymJNDAIQ8-MA7U_1i3w-bphpO1v56bmHBk7yMksWGdwUJq4NI0lg/360fx360f", "empty", "empty", "empty");

INSERT INTO Cases(caseID, caseName, caseURL, caseIconURL) VALUES(2, "eSports 2013 Case", "https://www.csgodatabase.com/cases/esports-2013-case/", "https://community.cloudflare.steamstatic.com/economy/image/-9a81dlWLwJ2UUGcVs_nsVtzdOEdtWwKGZZLQHTxDZ7I56KU0Zwwo4NUX4oFJZEHLbXU5A1PIYQNqhpOSV-fRPasw8rsVk5kKhZDpYX3e1YznfCcdzkR74vnw9TZwa-sYOOCzzoF6ZJ0jL6Qp9uj3Qbj_Uc6Z2z1I9WLMlhp9VPHu3g/360fx360f");
INSERT INTO Skins(caseID, itemName, rarity, flavorText, fn, mw, ft, ww, bs) VALUES(2, "FAMAS | Doomkitty", "Mil-Spec", "emptyFlavorLOL", "empty", "https://community.cloudflare.steamstatic.com/economy/image/-9a81dlWLwJ2UUGcVs_nsVtzdOEdtWwKGZZLQHTxDZ7I56KU0Zwwo4NUX4oFJZEHLbXH5ApeO4YmlhxYQknCRvCo04DEVlxkKgposLuoKhRf2-r3dTJN4de_gJSSqPv9NLPFqWdQ-sJ0xOqY8YiiigyyqUI9Z22nIYCccwA2ZQmBr1W-x7rsg5a4v57MzHJnvCg8pSGK9dYuT9g/360fx360f", "https://community.cloudflare.steamstatic.com/economy/image/-9a81dlWLwJ2UUGcVs_nsVtzdOEdtWwKGZZLQHTxDZ7I56KU0Zwwo4NUX4oFJZEHLbXH5ApeO4YmlhxYQknCRvCo04DEVlxkKgposLuoKhRf2-r3dTJN4de_gJSSqPrxN7LEm1Rd6dd2j6eUot-miQbh-kI_MTinIYCTclNsNF2F-lG5w-e51MO9uJ3KnXNqsicq-z-DyBWRNjyQ/360fx360f", "empty", "empty");
INSERT INTO Skins(caseID, itemName, rarity, flavorText, fn, mw, ft, ww, bs) VALUES(2, "MAG-7 | Memento", "Mil-Spec", "emptyFlavorLOL", "https://community.cloudflare.steamstatic.com/economy/image/-9a81dlWLwJ2UUGcVs_nsVtzdOEdtWwKGZZLQHTxDZ7I56KU0Zwwo4NUX4oFJZEHLbXH5ApeO4YmlhxYQknCRvCo04DEVlxkKgpou7uifDhoyszBcjJR7dSzkJKEmcj4OrzZglRd6dd2j6fHoon00Fe3qkM-Z2GiJIKTcVI-aV_Xqwe3kufr0JHquZmdySRi7icr-z-DyKuim8q8/360fx360f", "https://community.cloudflare.steamstatic.com/economy/image/-9a81dlWLwJ2UUGcVs_nsVtzdOEdtWwKGZZLQHTxDZ7I56KU0Zwwo4NUX4oFJZEHLbXH5ApeO4YmlhxYQknCRvCo04DEVlxkKgpou7uifDhoyszBcjJR7dSzkJKEmcj4OrzZglRd6dd2j6fHoon00Fe3qkM-Z2GiJIKTcVI-aV_Xqwe3kufr0JHquZmdySRi7icr-z-DyKuim8q8/360fx360f",
"https://community.cloudflare.steamstatic.com/economy/image/-9a81dlWLwJ2UUGcVs_nsVtzdOEdtWwKGZZLQHTxDZ7I56KU0Zwwo4NUX4oFJZEHLbXH5ApeO4YmlhxYQknCRvCo04DEVlxkKgpou7uifDhoyszBcjJR7dSzkJKEmcj5Nr_Yg2Zu5MRjjeyP9oij0AO1_BZoYGynIIeQIQ9tYlzR_QK5x7_t05G7vpyYzSNmuCUg7WGdwUI8FRM0jQ/360fx360f", "empty", "empty");
INSERT INTO Skins(caseID, itemName, rarity, flavorText, fn, mw, ft, ww, bs) VALUES(2, "M4A4 | Faded Zebra", "Mil-Spec", "emptyFlavorLOL", "https://community.cloudflare.steamstatic.com/economy/image/-9a81dlWLwJ2UUGcVs_nsVtzdOEdtWwKGZZLQHTxDZ7I56KU0Zwwo4NUX4oFJZEHLbXH5ApeO4YmlhxYQknCRvCo04DEVlxkKgpou-6kejhzw8zSdD9Q7d-3mb-JgMj4OrzZglRd6dd2j6fF8NytjVLmqkU4ZGzxINOTegQ_YFCDrwe7le_thJS475jIzHQ37HEq-z-DyP3u9qQH/360fx360f", "https://community.cloudflare.steamstatic.com/economy/image/-9a81dlWLwJ2UUGcVs_nsVtzdOEdtWwKGZZLQHTxDZ7I56KU0Zwwo4NUX4oFJZEHLbXH5ApeO4YmlhxYQknCRvCo04DEVlxkKgpou-6kejhzw8zSdD9Q7d-3mb-JgMj4OrzZglRd6dd2j6fF8NytjVLmqkU4ZGzxINOTegQ_YFCDrwe7le_thJS475jIzHQ37HEq-z-DyP3u9qQH/360fx360f",
"https://community.cloudflare.steamstatic.com/economy/image/-9a81dlWLwJ2UUGcVs_nsVtzdOEdtWwKGZZLQHTxDZ7I56KU0Zwwo4NUX4oFJZEHLbXH5ApeO4YmlhxYQknCRvCo04DEVlxkKgpou-6kejhzw8zSdD9Q7d-3mb-JgMj5Nr_Yg2Zu5MRjjeyPodugjQG3_ktlYmDzI9eXJw5vN1DX_FS3krjogpO_787PnCRg7HEn4WGdwUKP7q6emg/360fx360f", "https://community.cloudflare.steamstatic.com/economy/image/-9a81dlWLwJ2UUGcVs_nsVtzdOEdtWwKGZZLQHTxDZ7I56KU0Zwwo4NUX4oFJZEHLbXH5ApeO4YmlhxYQknCRvCo04DEVlxkKgpou-6kejhzw8zSdD9Q7d-3mb-JgMj5Nr_Yg2Zu5MRjjeyPodugjQG3_ktlYmDzI9eXJw5vN1DX_FS3krjogpO_787PnCRg7HEn4WGdwUKP7q6emg/360fx360f", "https://community.cloudflare.steamstatic.com/economy/image/-9a81dlWLwJ2UUGcVs_nsVtzdOEdtWwKGZZLQHTxDZ7I56KU0Zwwo4NUX4oFJZEHLbXH5ApeO4YmlhxYQknCRvCo04DEVlxkKgpou-6kejhzw8zSdD9Q7d-3mb-JgMj8NrrHj1Rd6dd2j6eR94n30AHh-0dlam_7LY-dJAU9YFrZ8lC_k-7rhZG96c_JzHFlsil0-z-DyGlAJkHo/360fx360f");
INSERT INTO Skins(caseID, itemName, rarity, flavorText, fn, mw, ft, ww, bs) VALUES(2, "Sawed-Off | Orange DDPAT", "Restricted", "By the time you're close enough to notice the pixels it's already too late", "https://community.cloudflare.steamstatic.com/economy/image/-9a81dlWLwJ2UUGcVs_nsVtzdOEdtWwKGZZLQHTxDZ7I56KU0Zwwo4NUX4oFJZEHLbXH5ApeO4YmlhxYQknCRvCo04DEVlxkKgpopbuyLgNv1fX3eSR96NimlZS0mOX1PbzUqWdY781lteXA54vwxgTgrRZtZWr7I4bEJgA7NFnXrlnrxbq7jJK8v5zBySc3uXMntH3cl0GpwUYbpgzadSQ/360fx360f", "https://community.cloudflare.steamstatic.com/economy/image/-9a81dlWLwJ2UUGcVs_nsVtzdOEdtWwKGZZLQHTxDZ7I56KU0Zwwo4NUX4oFJZEHLbXH5ApeO4YmlhxYQknCRvCo04DEVlxkKgpopbuyLgNv1fX3eSR96NimlZS0mOX1PbzUqWdY781lteXA54vwxgTgrRZtZWr7I4bEJgA7NFnXrlnrxbq7jJK8v5zBySc3uXMntH3cl0GpwUYbpgzadSQ/360fx360f", "https://community.cloudflare.steamstatic.com/economy/image/-9a81dlWLwJ2UUGcVs_nsVtzdOEdtWwKGZZLQHTxDZ7I56KU0Zwwo4NUX4oFJZEHLbXH5ApeO4YmlhxYQknCRvCo04DEVlxkKgpopbuyLgNv1fX3eSR96NimlZS0mOX1PbzUqWZU7Mxkh9bN9J7yjRrk80JpYGihLdOXdwE8M1HQ-QPrkL3vgpDo6pTNzCE3uChw5HuJn0C1n1gSObVbszu7/360fx360f", "https://community.cloudflare.steamstatic.com/economy/image/-9a81dlWLwJ2UUGcVs_nsVtzdOEdtWwKGZZLQHTxDZ7I56KU0Zwwo4NUX4oFJZEHLbXH5ApeO4YmlhxYQknCRvCo04DEVlxkKgpopbuyLgNv1fX3eSR96NimlZS0mOX1PbzUqWZU7Mxkh9bN9J7yjRrk80JpYGihLdOXdwE8M1HQ-QPrkL3vgpDo6pTNzCE3uChw5HuJn0C1n1gSObVbszu7/360fx360f", "https://community.cloudflare.steamstatic.com/economy/image/-9a81dlWLwJ2UUGcVs_nsVtzdOEdtWwKGZZLQHTxDZ7I56KU0Zwwo4NUX4oFJZEHLbXH5ApeO4YmlhxYQknCRvCo04DEVlxkKgpopbuyLgNv1fX3eSR96NimlZS0mOX1PbzUqWNU6dNoteXA54vwxlK2-hdlYj2ncoKScAQ3NAvV-AW_l-_p1Ja9vczBwCdqv3Eg5X3ZnBepwUYbIoOIXWw/360fx360f");
INSERT INTO Skins(caseID, itemName, rarity, flavorText, fn, mw, ft, ww, bs) VALUES(2, "P250 | Splash", "Restricted", "emptyFlavorLOL", "https://community.cloudflare.steamstatic.com/economy/image/-9a81dlWLwJ2UUGcVs_nsVtzdOEdtWwKGZZLQHTxDZ7I56KU0Zwwo4NUX4oFJZEHLbXH5ApeO4YmlhxYQknCRvCo04DEVlxkKgpopujwezhzw8zbYTFD_9SJhNLex8j4OrzZglRd6dd2j6eYp9uljAyw-kc_YGCicdCdcQI-Zg2B_1HrxO-5hcPutJSayHVhvCN2-z-DyDH08JDT/360fx360f", "https://community.cloudflare.steamstatic.com/economy/image/-9a81dlWLwJ2UUGcVs_nsVtzdOEdtWwKGZZLQHTxDZ7I56KU0Zwwo4NUX4oFJZEHLbXH5ApeO4YmlhxYQknCRvCo04DEVlxkKgpopujwezhzw8zbYTFD_9SJhNLex8j4OrzZglRd6dd2j6eYp9uljAyw-kc_YGCicdCdcQI-Zg2B_1HrxO-5hcPutJSayHVhvCN2-z-DyDH08JDT/360fx360f", "https://community.cloudflare.steamstatic.com/economy/image/-9a81dlWLwJ2UUGcVs_nsVtzdOEdtWwKGZZLQHTxDZ7I56KU0Zwwo4NUX4oFJZEHLbXH5ApeO4YmlhxYQknCRvCo04DEVlxkKgpopujwezhzw8zbYTFD_9SJhNLex8j5Nr_Yg2Zu5MRjjeyPpNWliVLt8kA6az_xctKVIQA_ZF-E-ge3yOzrgcS5ucmfwXBq6HEq4WGdwUITxB6TmQ/360fx360f", "empty", "empty");
INSERT INTO Skins(caseID, itemName, rarity, flavorText, fn, mw, ft, ww, bs) VALUES(2, "Galil AR | Orange DDPAT", "Restricted", "By the time you're close enough to notice the pixels it's already too late", "https://community.cloudflare.steamstatic.com/economy/image/-9a81dlWLwJ2UUGcVs_nsVtzdOEdtWwKGZZLQHTxDZ7I56KU0Zwwo4NUX4oFJZEHLbXH5ApeO4YmlhxYQknCRvCo04DEVlxkKgposbupIgthwczAaAJG6My3gL-Ehfb6NL7ummJW4NFOhujT8om70ADt8hJsYWqmIofDdFI9N1-E-lK-wOzqh5e4vp-bnCYy73R24yzfzQv3308XlHsKJg/360fx360f", "https://community.cloudflare.steamstatic.com/economy/image/-9a81dlWLwJ2UUGcVs_nsVtzdOEdtWwKGZZLQHTxDZ7I56KU0Zwwo4NUX4oFJZEHLbXH5ApeO4YmlhxYQknCRvCo04DEVlxkKgposbupIgthwczAaAJG6My3gL-Ehfb6NL7ummJW4NFOhujT8om70ADt8hJsYWqmIofDdFI9N1-E-lK-wOzqh5e4vp-bnCYy73R24yzfzQv3308XlHsKJg/360fx360f", "https://community.cloudflare.steamstatic.com/economy/image/-9a81dlWLwJ2UUGcVs_nsVtzdOEdtWwKGZZLQHTxDZ7I56KU0Zwwo4NUX4oFJZEHLbXH5ApeO4YmlhxYQknCRvCo04DEVlxkKgposbupIgthwczAaAJG6My3gL-Ehfb6NL7um25V4dB8teXA54vwxlWxqkY6ZGDxLICcJg5vaFqG_wK4k-7pgpLpvZnLwSRruyRw5H2JyRGpwUYbBwHobOI/360fx360f", "https://community.cloudflare.steamstatic.com/economy/image/-9a81dlWLwJ2UUGcVs_nsVtzdOEdtWwKGZZLQHTxDZ7I56KU0Zwwo4NUX4oFJZEHLbXH5ApeO4YmlhxYQknCRvCo04DEVlxkKgposbupIgthwczAaAJG6My3gL-Ehfb6NL7um25V4dB8teXA54vwxlWxqkY6ZGDxLICcJg5vaFqG_wK4k-7pgpLpvZnLwSRruyRw5H2JyRGpwUYbBwHobOI/360fx360f", "https://community.cloudflare.steamstatic.com/economy/image/-9a81dlWLwJ2UUGcVs_nsVtzdOEdtWwKGZZLQHTxDZ7I56KU0Zwwo4NUX4oFJZEHLbXH5ApeO4YmlhxYQknCRvCo04DEVlxkKgposbupIgthwczAaAJG6My3gL-Ehfb6NL7unm5Q_txOhujT8om7ilbt80pqYj33cIHHJlJqNQvUqFm3l-frjZK46JqbznAxv3Iht33Uygv330_YNq_s6Q/360fx360f");
INSERT INTO Skins(caseID, itemName, rarity, flavorText, fn, mw, ft, ww, bs) VALUES(2, "AWP | BOOM", "Classified", "emptyFlavorLOL", "https://community.cloudflare.steamstatic.com/economy/image/-9a81dlWLwJ2UUGcVs_nsVtzdOEdtWwKGZZLQHTxDZ7I56KU0Zwwo4NUX4oFJZEHLbXH5ApeO4YmlhxYQknCRvCo04DEVlxkKgpot621FA957PHEcDB9_9W7hIyOqPv9NLPFqWdQ-sJ0xOzFpN2h0QDj_0ttNmnwIoDHcFVqNFjZ-AC2lbq-1pLou5_MyXVkv3I8pSGK_P3OCnU/360fx360f", "https://community.cloudflare.steamstatic.com/economy/image/-9a81dlWLwJ2UUGcVs_nsVtzdOEdtWwKGZZLQHTxDZ7I56KU0Zwwo4NUX4oFJZEHLbXH5ApeO4YmlhxYQknCRvCo04DEVlxkKgpot621FA957PHEcDB9_9W7hIyOqPv9NLPFqWdQ-sJ0xOzFpN2h0QDj_0ttNmnwIoDHcFVqNFjZ-AC2lbq-1pLou5_MyXVkv3I8pSGK_P3OCnU/360fx360f", "https://community.cloudflare.steamstatic.com/economy/image/-9a81dlWLwJ2UUGcVs_nsVtzdOEdtWwKGZZLQHTxDZ7I56KU0Zwwo4NUX4oFJZEHLbXH5ApeO4YmlhxYQknCRvCo04DEVlxkKgpot621FA957PHEcDB9_9W7hIyOqPrxN7LEm1Rd6dd2j6eVptis2gTsqBc_N2inJ4-ddlNsMFGCqAS9l7--hMfqvc-awHowvHJz-z-DyEDRzNPB/360fx360f", "empty", "empty");
INSERT INTO Skins(caseID, itemName, rarity, flavorText, fn, mw, ft, ww, bs) VALUES(2, "AK-47 | Red Laminate", "Classified", "emptyFlavorLOL", "https://community.cloudflare.steamstatic.com/economy/image/-9a81dlWLwJ2UUGcVs_nsVtzdOEdtWwKGZZLQHTxDZ7I56KU0Zwwo4NUX4oFJZEHLbXH5ApeO4YmlhxYQknCRvCo04DEVlxkKgpot7HxfDhoyszJemkV4N27q4yCkP_gDLfQhGxUppQo07-TpYmt2Azh_EpqYGDxIoLGJAE7YgzQ_FS-xuzu15Lu75yfynV9-n512WUCzeM/360fx360f", "https://community.cloudflare.steamstatic.com/economy/image/-9a81dlWLwJ2UUGcVs_nsVtzdOEdtWwKGZZLQHTxDZ7I56KU0Zwwo4NUX4oFJZEHLbXH5ApeO4YmlhxYQknCRvCo04DEVlxkKgpot7HxfDhoyszJemkV4N27q4yCkP_gDLfQhGxUppQo07-TpYmt2Azh_EpqYGDxIoLGJAE7YgzQ_FS-xuzu15Lu75yfynV9-n512WUCzeM/360fx360f", "https://community.cloudflare.steamstatic.com/economy/image/-9a81dlWLwJ2UUGcVs_nsVtzdOEdtWwKGZZLQHTxDZ7I56KU0Zwwo4NUX4oFJZEHLbXH5ApeO4YmlhxYQknCRvCo04DEVlxkKgpot7HxfDhoyszJemkV4N27q42Ok_7hPoTdl3lW7YshjrDE9oqgjFDn-xJpNWilLIScIwdsaVrYqwS5k-_o1J61vpTJwXZjpGB8st6uvlM7/360fx360f", "https://community.cloudflare.steamstatic.com/economy/image/-9a81dlWLwJ2UUGcVs_nsVtzdOEdtWwKGZZLQHTxDZ7I56KU0Zwwo4NUX4oFJZEHLbXH5ApeO4YmlhxYQknCRvCo04DEVlxkKgpot7HxfDhoyszJemkV4N27q42Ok_7hPoTdl3lW7YshjrDE9oqgjFDn-xJpNWilLIScIwdsaVrYqwS5k-_o1J61vpTJwXZjpGB8st6uvlM7/360fx360f", "https://community.cloudflare.steamstatic.com/economy/image/-9a81dlWLwJ2UUGcVs_nsVtzdOEdtWwKGZZLQHTxDZ7I56KU0Zwwo4NUX4oFJZEHLbXH5ApeO4YmlhxYQknCRvCo04DEVlxkKgpot7HxfDhoyszJemkV4N27q4iOluHtDLfQhGxUpsAk0rmQ992m3Abs80E_ZGr1IIfBewc-Z1nWrFO8yOrshMTtup6cznN9-n51YFTKBoM/360fx360f");
INSERT INTO Skins(caseID, itemName, rarity, flavorText, fn, mw, ft, ww, bs) VALUES(2, "P90 | Death by Kitty", "Covert", "emptyFlavorLOL", "empty", "https://community.cloudflare.steamstatic.com/economy/image/-9a81dlWLwJ2UUGcVs_nsVtzdOEdtWwKGZZLQHTxDZ7I56KU0Zwwo4NUX4oFJZEHLbXH5ApeO4YmlhxYQknCRvCo04DEVlxkKgpopuP1FAR17PDJZS5J-dC6h7-bzqfLP7LWnn9u5MRjjeyPpYrz2lfhqEZvMm_6JdOXelJrYVqDrlbsxe66hp-56JjKnXowvCgg42GdwUIaw99WQg/360fx360f", "https://community.cloudflare.steamstatic.com/economy/image/-9a81dlWLwJ2UUGcVs_nsVtzdOEdtWwKGZZLQHTxDZ7I56KU0Zwwo4NUX4oFJZEHLbXH5ApeO4YmlhxYQknCRvCo04DEVlxkKgpopuP1FAR17PDJZS5J-dC6h7-bzqfLPr7Vn35c18lwmO7Eu9iiilXl8kVoN2nyIIORdgRqY1nU_lS3x7y61pe-vszMnXE1uHEhsXrD30vggDzyTcg/360fx360f", "empty", "empty");

--INSERT INTO Skins(caseID, itemName, rarity, flavorText, fn, mw, ft, ww, bs) VALUES(2, "Sawed-Off | Orange DDPAT", "Restricted", "emptyFlavorLOL", "empty", "empty", "empty", "empty", "empty");

INSERT INTO Cases(caseID, caseName, caseURL, caseIconURL) VALUES(3, "Operation Bravo Case", "https://www.csgodatabase.com/cases/operation-bravo-case/", "https://community.cloudflare.steamstatic.com/economy/image/-9a81dlWLwJ2UUGcVs_nsVtzdOEdtWwKGZZLQHTxDZ7I56KU0Zwwo4NUX4oFJZEHLbXU5A1PIYQNqhpOSV-fRPasw8rsXE1xNwVDv7WrFA5pnabNJGwSuN3gxtnawKOlMO6HzzhQucAm0uvFo4n2iw3h_UM-ZmilJNeLMlhpjfjxEoE/360fx360f");

INSERT INTO Cases(caseID, caseName, caseURL, caseIconURL) VALUES(4, "CS:GO Weapon Case 2", "https://www.csgodatabase.com/cases/csgo-weapon-case-2/", "https://community.cloudflare.steamstatic.com/economy/image/-9a81dlWLwJ2UUGcVs_nsVtzdOEdtWwKGZZLQHTxDZ7I56KU0Zwwo4NUX4oFJZEHLbXU5A1PIYQNqhpOSV-fRPasw8rsRVx4MwFo5PT8elUwgKKZJmtEvo_kxITZk6StNe-Fz2pTu8Aj3eqVpIqgjVfjrRI9fSmtc1Nw-Kh3/360fx360f");

INSERT INTO Cases(caseID, caseName, caseURL, caseIconURL, knifeGroup) VALUES(5, "eSports 2013 Winter Case", "https://www.csgodatabase.com/cases/esports-2013-winter-case/", "https://community.akamai.steamstatic.com/economy/image/-9a81dlWLwJ2UUGcVs_nsVtzdOEdtWwKGZZLQHTxDZ7I56KU0Zwwo4NUX4oFJZEHLbXU5A1PIYQNqhpOSV-fRPasw8rsVk5kKhZDpYX3e1Yz7KKcPzwav9jnzdfdlfWmY7_TzmkF6ZMlj77A9o3x0Qe1qhBkZGjxI9LBJgMgIQaH1G7WeaA/360fx360f", 1); 

INSERT INTO Cases(caseID, caseName, caseURL, caseIconURL, knifeGroup) VALUES(6, "Winter Offensive Weapon Case", "https://www.csgodatabase.com/cases/winter-offensive-weapon-case/", "https://community.akamai.steamstatic.com/economy/image/-9a81dlWLwJ2UUGcVs_nsVtzdOEdtWwKGZZLQHTxDZ7I56KU0Zwwo4NUX4oFJZEHLbXU5A1PIYQNqhpOSV-fRPasw8rsUFJ5KBFZv668FFYu0aKfJz8a793gxNLfzvOkMunUwWgH7JIjj-qW8d7x2VXt_UBuMT3zIpjVLFEGDSGUSQ/360fx360f", 1); 

INSERT INTO Cases(caseID, caseName, caseURL, caseIconURL, knifeGroup) VALUES(7, "CS:GO Weapon Case 3", "https://www.csgodatabase.com/cases/csgo-weapon-case-3/", "https://community.akamai.steamstatic.com/economy/image/-9a81dlWLwJ2UUGcVs_nsVtzdOEdtWwKGZZLQHTxDZ7I56KU0Zwwo4NUX4oFJZEHLbXU5A1PIYQNqhpOSV-fRPasw8rsRVx4MwFo5fSnf15k0KGacG0UtYXnzdTdkq-gariGlDgHvMcmjryZotqg2wCxrUVtfSmtc20v4quI/360fx360f", 1); 

INSERT INTO Cases(caseID, caseName, caseURL, caseIconURL, knifeGroup) VALUES(8, "Operation Phoenix Weapon Case", "https://www.csgodatabase.com/cases/operation-phoenix-weapon-case/", "https://community.akamai.steamstatic.com/economy/image/-9a81dlWLwJ2UUGcVs_nsVtzdOEdtWwKGZZLQHTxDZ7I56KU0Zwwo4NUX4oFJZEHLbXU5A1PIYQNqhpOSV-fRPasw8rsUFJ5KBFZv668FFUuh6qZJmlD7tiyl4OIlaGhYuLTzjhVupJ12urH89ii3lHlqEdoMDr2I5jVLFFSv_J2Rg/360fx360f", 1); 

INSERT INTO Cases(caseID, caseName, caseURL, caseIconURL, knifeGroup) VALUES(9, "Huntsman Weapon Case", "https://www.csgodatabase.com/cases/huntsman-weapon-case/", "https://community.akamai.steamstatic.com/economy/image/-9a81dlWLwJ2UUGcVs_nsVtzdOEdtWwKGZZLQHTxDZ7I56KU0Zwwo4NUX4oFJZEHLbXU5A1PIYQNqhpOSV-fRPasw8rsUFJ5KBFZv668FFQu0PaQIm9DtY6wzYaIxKWtN7iJwW8G6Z0h2LqWoY6s2Qy2-0Q_Nzv7IJjVLFGZqUbjlQ/360fx360f", 2); 

INSERT INTO Cases(caseID, caseName, caseURL, caseIconURL, knifeGroup) VALUES(10, "Operation Breakout Weapon Case", "https://www.csgodatabase.com/cases/operation-breakout-weapon-case/", "https://community.akamai.steamstatic.com/economy/image/-9a81dlWLwJ2UUGcVs_nsVtzdOEdtWwKGZZLQHTxDZ7I56KU0Zwwo4NUX4oFJZEHLbXU5A1PIYQNqhpOSV-fRPasw8rsUFJ5KBFZv668FFMu1aPMI24auITjxteJwPXxY72AkGgIvZAniLjHpon2jlbl-kpvNjz3JJjVLFG9rl1YLQ/360fx360f", 3); 

INSERT INTO Cases(caseID, caseName, caseURL, caseIconURL, knifeGroup) VALUES(11, "eSports 2014 Summer Case", "https://www.csgodatabase.com/cases/esports-2014-summer-case/", "https://community.akamai.steamstatic.com/economy/image/-9a81dlWLwJ2UUGcVs_nsVtzdOEdtWwKGZZLQHTxDZ7I56KU0Zwwo4NUX4oFJZEHLbXU5A1PIYQNqhpOSV-fRPasw8rsVk5kKhZDpYX3e1Y07ODdfDBH_pKzwdfSkqTyZLjQxjsF7sEoiLyQ9I2ljgHt_EZlYzr6J4DHIA9oZ1-D5BHglkR7Cs6C/360fx360f", 1); 

INSERT INTO Cases(caseID, caseName, caseURL, caseIconURL, knifeGroup) VALUES(12, "Operation Vanguard Weapon Case", "https://www.csgodatabase.com/cases/operation-vanguard-weapon-case/", "https://community.akamai.steamstatic.com/economy/image/-9a81dlWLwJ2UUGcVs_nsVtzdOEdtWwKGZZLQHTxDZ7I56KU0Zwwo4NUX4oFJZEHLbXU5A1PIYQNqhpOSV-fRPasw8rsUFJ5KBFZv668FFIuh6rJImVGvtjllYaNka6la7rUxWkE65BzibvD9N7z0Q22-0Fka2GlJ5jVLFHqavWW2g/360fx360f", 1); 

INSERT INTO Cases(caseID, caseName, caseURL, caseIconURL, knifeGroup) VALUES(13, "Chroma Case", "https://www.csgodatabase.com/cases/chroma-case/", "https://community.akamai.steamstatic.com/economy/image/-9a81dlWLwJ2UUGcVs_nsVtzdOEdtWwKGZZLQHTxDZ7I56KU0Zwwo4NUX4oFJZEHLbXU5A1PIYQNqhpOSV-fRPasw8rsUFJ5KBFZv668FFEuh_KQJTtEuI63xIXbxqOtauyClTMEsJV1jruS89T3iQKx_BBqa2j3JpjVLFH1xpp0EQ/360fx360f", 4); 

INSERT INTO Cases(caseID, caseName, caseURL, caseIconURL, knifeGroup) VALUES(14, "Chroma 2 Case", "https://www.csgodatabase.com/cases/chroma-2-case/", "https://community.akamai.steamstatic.com/economy/image/-9a81dlWLwJ2UUGcVs_nsVtzdOEdtWwKGZZLQHTxDZ7I56KU0Zwwo4NUX4oFJZEHLbXU5A1PIYQNqhpOSV-fRPasw8rsUFJ5KBFZv668FFAuhqSaKWtEu43mxtbbk6b1a77Twm4Iu8Yl3bCU9Imii1Xt80M5MmD7JZjVLFH-6VnQJQ/360fx360f", 4); 

INSERT INTO Cases(caseID, caseName, caseURL, caseIconURL, knifeGroup) VALUES(15, "Falchion Case", "https://www.csgodatabase.com/cases/falchion-case/", "https://community.akamai.steamstatic.com/economy/image/-9a81dlWLwJ2UUGcVs_nsVtzdOEdtWwKGZZLQHTxDZ7I56KU0Zwwo4NUX4oFJZEHLbXU5A1PIYQNqhpOSV-fRPasw8rsUFJ5KBFZv668FF8ugPDMIWpAuIq1w4KIlaChZOyFwzgJuZNy3-2T89T0jlC2rhZla2vwIJjVLFHz75yKpg/360fx360f", 5); 

INSERT INTO Cases(caseID, caseName, caseURL, caseIconURL, knifeGroup) VALUES(16, "Shadow Case", "https://www.csgodatabase.com/cases/shadow-case/", "https://community.akamai.steamstatic.com/economy/image/-9a81dlWLwJ2UUGcVs_nsVtzdOEdtWwKGZZLQHTxDZ7I56KU0Zwwo4NUX4oFJZEHLbXU5A1PIYQNqhpOSV-fRPasw8rsUFJ5KBFZv668FF4u1qubIW4Su4mzxYHbzqGtZ-KGlz8EuJcg3rnE9NiijVe3_UY-Zzr2JJjVLFEEeiQRtg/360fx360f", 6); 

INSERT INTO Cases(caseID, caseName, caseURL, caseIconURL, knifeGroup) VALUES(17, "Revolver Case", "https://www.csgodatabase.com/cases/revolver-case/", "https://community.akamai.steamstatic.com/economy/image/-9a81dlWLwJ2UUGcVs_nsVtzdOEdtWwKGZZLQHTxDZ7I56KU0Zwwo4NUX4oFJZEHLbXU5A1PIYQNqhpOSV-fRPasw8rsUFJ5KBFZv668FFYwnfKfcG9HvN7iktaOkqD1auLTxD5SvZYgiLvFpo7xjVLh-kdrYWnzcoGLMlhpsyM-5vg/360fx360f", 1); 

INSERT INTO Cases(caseID, caseName, caseURL, caseIconURL, knifeGroup) VALUES(18, "Operation Wildfire Case", "https://www.csgodatabase.com/cases/operation-wildfire-case/", "https://community.akamai.steamstatic.com/economy/image/-9a81dlWLwJ2UUGcVs_nsVtzdOEdtWwKGZZLQHTxDZ7I56KU0Zwwo4NUX4oFJZEHLbXU5A1PIYQNqhpOSV-fRPasw8rsUFJ5KBFZv668FFYxnaeQImRGu4S1x9TawfSmY-iHkmoD7cEl2LiQpIjz3wPl_ERkYWHwLY-LMlhp9pkR_UQ/360fx360f", 7); 

INSERT INTO Cases(caseID, caseName, caseURL, caseIconURL, knifeGroup) VALUES(19, "Chroma 3 Case", "https://www.csgodatabase.com/cases/chroma-3-case/", "https://community.akamai.steamstatic.com/economy/image/-9a81dlWLwJ2UUGcVs_nsVtzdOEdtWwKGZZLQHTxDZ7I56KU0Zwwo4NUX4oFJZEHLbXU5A1PIYQNqhpOSV-fRPasw8rsUFJ5KBFZv668FFYynaSdJGhE74y0wNWIw_OlNuvXkDpSuZQmi--SrN-h3gey-Uo6YWmlIoCLMlhplhFFvwI/360fx360f", 4); 

INSERT INTO Cases(caseID, caseName, caseURL, caseIconURL, knifeGroup) VALUES(20, "Gamma Case", "https://www.csgodatabase.com/cases/gamma-case/", "https://community.akamai.steamstatic.com/economy/image/-9a81dlWLwJ2UUGcVs_nsVtzdOEdtWwKGZZLQHTxDZ7I56KU0Zwwo4NUX4oFJZEHLbXU5A1PIYQNqhpOSV-fRPasw8rsUFJ5KBFZv668FFYznarJJjkQ6ovjw4SPlfP3auqEl2oBuJB1j--WoY322QziqkdpZGr3IteLMlhpw4RJCv8/360fx360f", 8); 

INSERT INTO Cases(caseID, caseName, caseURL, caseIconURL, knifeGroup) VALUES(21, "Gamma 2 Case", "https://www.csgodatabase.com/cases/gamma-2-case/", "https://community.akamai.steamstatic.com/economy/image/-9a81dlWLwJ2UUGcVs_nsVtzdOEdtWwKGZZLQHTxDZ7I56KU0Zwwo4NUX4oFJZEHLbXU5A1PIYQNqhpOSV-fRPasw8rsVFx5KAVo5PSkKV4xhfGfKTgVvIXlxNPSwaOmMLiGwzgJvJMniO-Zoo_z2wXg-EVvfSmtc78HsNoy/360fx360f", 8); 

INSERT INTO Cases(caseID, caseName, caseURL, caseIconURL, knifeGroup) VALUES(22, "Glove Case", "https://www.csgodatabase.com/cases/glove-case/", "https://community.akamai.steamstatic.com/economy/image/-9a81dlWLwJ2UUGcVs_nsVtzdOEdtWwKGZZLQHTxDZ7I56KU0Zwwo4NUX4oFJZEHLbXU5A1PIYQNqhpOSV-fRPasw8rsUFJ5KBFZv668FFY1naTMdzwTtNrukteIkqT2MO_Uwz5Q6cYhibyXo4rw2ALsrkRoYjuncNCLMlhpEV4XDTk/360fx360f", 9); 

INSERT INTO Cases(caseID, caseName, caseURL, caseIconURL, knifeGroup) VALUES(23, "Spectrum Case", "https://www.csgodatabase.com/cases/spectrum-case/", "https://community.akamai.steamstatic.com/economy/image/-9a81dlWLwJ2UUGcVs_nsVtzdOEdtWwKGZZLQHTxDZ7I56KU0Zwwo4NUX4oFJZEHLbXU5A1PIYQNqhpOSV-fRPasw8rsUFJ5KBFZv668FFY2nfKadD4U7Y7lwYXexaGlYb3QzjlUvZ0k0ujHptug2VbirkRrNW2md4SLMlhph09hpX0/360fx360f", 10); 

INSERT INTO Cases(caseID, caseName, caseURL, caseIconURL, knifeGroup) VALUES(24, "Operation Hydra Case", "https://www.csgodatabase.com/cases/operation-hydra-case/", "https://community.akamai.steamstatic.com/economy/image/-9a81dlWLwJ2UUGcVs_nsVtzdOEdtWwKGZZLQHTxDZ7I56KU0Zwwo4NUX4oFJZEHLbXU5A1PIYQNqhpOSV-fRPasw8rsUFJ5KBFZv668FFY3navMJWgQtNm1ldLZzvOiZr-BlToIsZcoi-yTpdutiVW2-Es4NWjwIo-LMlhpinMS53M/360fx360f", 9); 

INSERT INTO Cases(caseID, caseName, caseURL, caseIconURL, knifeGroup) VALUES(25, "Spectrum 2 Case", "https://www.csgodatabase.com/cases/spectrum-2-case/", "https://community.akamai.steamstatic.com/economy/image/-9a81dlWLwJ2UUGcVs_nsVtzdOEdtWwKGZZLQHTxDZ7I56KU0Zwwo4NUX4oFJZEHLbXU5A1PIYQNqhpOSV-fRPasw8rsUFJ5KBFZv668FFY4naeaJGhGtdnmx4Tek_bwY-iFlGlUsJMp3LuTot-mjFGxqUttZ2r3d4eLMlhpnZPxZK0/360fx360f", 10); 

INSERT INTO Cases(caseID, caseName, caseURL, caseIconURL, knifeGroup) VALUES(26, "Clutch Case", "https://www.csgodatabase.com/cases/clutch-case/", "https://community.akamai.steamstatic.com/economy/image/-9a81dlWLwJ2UUGcVs_nsVtzdOEdtWwKGZZLQHTxDZ7I56KU0Zwwo4NUX4oFJZEHLbXU5A1PIYQNqhpOSV-fRPasw8rsUFJ5KBFZv668FFY5naqQIz4R7Yjix9bZkvKiZrmAzzlTu5AoibiT8d_x21Wy8hY_MWz1doSLMlhpM3FKbNs/360fx360f", 11); 

INSERT INTO Cases(caseID, caseName, caseURL, caseIconURL, knifeGroup) VALUES(27, "Horizon Case", "https://www.csgodatabase.com/cases/horizon-case/", "https://community.akamai.steamstatic.com/economy/image/-9a81dlWLwJ2UUGcVs_nsVtzdOEdtWwKGZZLQHTxDZ7I56KU0Zwwo4NUX4oFJZEHLbXU5A1PIYQNqhpOSV-fRPasw8rsUFJ5KBFZv668FFUwnfbOdDgavYXukYTZkqf2ZbrTwmkE6scgj7CY94ml3FXl-ENkMW3wctOLMlhpVHKV9YA/360fx360f", 12); 

INSERT INTO Cases(caseID, caseName, caseURL, caseIconURL, knifeGroup) VALUES(28, "Danger Zone Case", "https://www.csgodatabase.com/cases/danger-zone-case/", "https://community.akamai.steamstatic.com/economy/image/-9a81dlWLwJ2UUGcVs_nsVtzdOEdtWwKGZZLQHTxDZ7I56KU0Zwwo4NUX4oFJZEHLbXU5A1PIYQNqhpOSV-fRPasw8rsUFJ5KBFZv668FFUxnaPLJz5H74y1xtTcz6etNumIx29U6Zd3j7yQoYih3lG1-UJqY27xJIeLMlhpaD9Aclo/360fx360f", 12); 

INSERT INTO Cases(caseID, caseName, caseURL, caseIconURL, knifeGroup) VALUES(29, "Prisma Case", "https://www.csgodatabase.com/cases/prisma-case/", "https://community.akamai.steamstatic.com/economy/image/-9a81dlWLwJ2UUGcVs_nsVtzdOEdtWwKGZZLQHTxDZ7I56KU0Zwwo4NUX4oFJZEHLbXU5A1PIYQNqhpOSV-fRPasw8rsUFJ5KBFZv668FFUynfWaI25G6Ijkl9iPw_SnNrjXw2oBu8cj3b2Qo4_33QbnrUdlYD37ddCLMlhpvs0XIz0/360fx360f", 13); 

INSERT INTO Cases(caseID, caseName, caseURL, caseIconURL, knifeGroup) VALUES(30, "CS20 Case", "https://www.csgodatabase.com/cases/prisma-case/", "https://community.akamai.steamstatic.com/economy/image/-9a81dlWLwJ2UUGcVs_nsVtzdOEdtWwKGZZLQHTxDZ7I56KU0Zwwo4NUX4oFJZEHLbXU5A1PIYQNqhpOSV-fRPasw8rsUFJ5KBFZv668FFU0naHKIj9D7oTgl4LelaGnMuqIwDgFusR337HCpYmhiwzm8ktqMjv2INKLMlhprbp6CTE/360fx360f", 14); 

INSERT INTO Cases(caseID, caseName, caseURL, caseIconURL, knifeGroup) VALUES(31, "Shattered Web Case", "https://www.csgodatabase.com/cases/shattered-web-case/", "https://community.akamai.steamstatic.com/economy/image/-9a81dlWLwJ2UUGcVs_nsVtzdOEdtWwKGZZLQHTxDZ7I56KU0Zwwo4NUX4oFJZEHLbXU5A1PIYQNqhpOSV-fRPasw8rsUFJ5KBFZv668FFUznaCaJWVDvozlzdONwvKjYLiBk24IsZEl0uuYrNjw0A3n80JpZWzwIYWLMlhpLvhcskA/360fx360f", 15); 

INSERT INTO Cases(caseID, caseName, caseURL, caseIconURL, knifeGroup) VALUES(32, "Prisma 2 Case", "https://www.csgodatabase.com/cases/prisma-2-case/", "https://community.akamai.steamstatic.com/economy/image/-9a81dlWLwJ2UUGcVs_nsVtzdOEdtWwKGZZLQHTxDZ7I56KU0Zwwo4NUX4oFJZEHLbXU5A1PIYQNqhpOSV-fRPasw8rsUFJ5KBFZv668FFU1nfbOIj8W7oWzkYLdlPOsMOmIk2kGscAj2erE99Sn2AGw_0M4NW2hIYOLMlhpcmY0CRM/360fx360f", 13); 

INSERT INTO Cases(caseID, caseName, caseURL, caseIconURL, knifeGroup) VALUES(33, "Fracture Case", "https://www.csgodatabase.com/cases/fracture-case/", "https://community.akamai.steamstatic.com/economy/image/-9a81dlWLwJ2UUGcVs_nsVtzdOEdtWwKGZZLQHTxDZ7I56KU0Zwwo4NUX4oFJZEHLbXU5A1PIYQNqhpOSV-fRPasw8rsUFJ5KBFZv668FFU2nfGaJG0btN2wwYHfxa-hY-uFxj4Dv50nj7uXpI7w3AewrhBpMWH6d9CLMlhpEbAe-Zk/360fx360f", 15); 

INSERT INTO Cases(caseID, caseName, caseURL, caseIconURL, knifeGroup) VALUES(34, "Operation Broken Fang Case", "https://www.csgodatabase.com/cases/operation-broken-fang-case/", "https://community.akamai.steamstatic.com/economy/image/-9a81dlWLwJ2UUGcVs_nsVtzdOEdtWwKGZZLQHTxDZ7I56KU0Zwwo4NUX4oFJZEHLbXU5A1PIYQNqhpOSV-fRPasw8rsUFJ5KBFZv668FFU3naeZIWUStYjgxdnewfGmZb6DxW8AupMp27yT9IqiilCxqkRkZGyldoaLMlhp6IQjKcg/360fx360f", 16); 

INSERT INTO Cases(caseID, caseName, caseURL, caseIconURL, knifeGroup) VALUES(35, "Snakebite Case", "https://www.csgodatabase.com/cases/snakebite-case/", "https://community.akamai.steamstatic.com/economy/image/-9a81dlWLwJ2UUGcVs_nsVtzdOEdtWwKGZZLQHTxDZ7I56KU0Zwwo4NUX4oFJZEHLbXU5A1PIYQNqhpOSV-fRPasw8rsUFJ5KBFZv668FFU4naLOJzgUuYqyzIaIxa6jMOLXxGkHvcMjibmU99Sg3Qaw-hA_ZWrzLISLMlhpgJJUhGE/360fx360f", 16); 

--
--
--

collectionOpening.db

CREATE TABLE Collections(_id INTEGER PRIMARY KEY AUTOINCREMENT, collectionID INTEGER, collectionName TEXT, collectionURL TEXT, collectionIconURL TEXT);
CREATE TABLE Skins(_id INTEGER PRIMARY KEY AUTOINCREMENT, collectionID INTEGER, itemName TEXT, rarity TEXT, flavorText TEXT, fn TEXT, mw TEXT, ft TEXT, ww TEXT, bs TEXT);

INSERT INTO Collections(collectionID, collectionName, collectionURL, collectionIconURL) VALUES(1, "The Assault Collection", "https://www.csgodatabase.com/collections/the-assault-collection/", "https://www.csgodatabase.com/images/collections/Assault.png");

INSERT INTO Collections(collectionID, collectionName, collectionURL, collectionIconURL) VALUES(2, "The Aztec Collection", "https://www.csgodatabase.com/collections/the-aztec-collection/", "https://www.csgodatabase.com/images/collections/Aztec.png");

INSERT INTO Collections(collectionID, collectionName, collectionURL, collectionIconURL) VALUES(3, "The Dust Collection", "https://www.csgodatabase.com/collections/the-dust-collection/", "https://www.csgodatabase.com/images/collections/Dust.png");

INSERT INTO Collections(collectionID, collectionName, collectionURL, collectionIconURL) VALUES(4, "The Nuke Collection", "https://www.csgodatabase.com/collections/the-nuke-collection/", "https://www.csgodatabase.com/images/collections/Nuke.png");

INSERT INTO Collections(collectionID, collectionName, collectionURL, collectionIconURL) VALUES(5, "The Office Collection", "https://www.csgodatabase.com/collections/the-office-collection/", "https://www.csgodatabase.com/images/collections/Office.png");

INSERT INTO Collections(collectionID, collectionName, collectionURL, collectionIconURL) VALUES(6, "The Vertigo Collection", "https://www.csgodatabase.com/collections/the-vertigo-collection/", "https://www.csgodatabase.com/images/collections/Vertigo.png");

INSERT INTO Collections(collectionID, collectionName, collectionURL, collectionIconURL) VALUES(7, "The Alpha Collection", "https://www.csgodatabase.com/collections/the-alpha-collection/", "https://www.csgodatabase.com/images/collections/Alpha.png");

INSERT INTO Collections(collectionID, collectionName, collectionURL, collectionIconURL) VALUES(8, "The Dust 2 Collection", "https://www.csgodatabase.com/collections/the-dust-2-collection/", "https://www.csgodatabase.com/images/collections/Dust_2.png");

INSERT INTO Collections(collectionID, collectionName, collectionURL, collectionIconURL) VALUES(9, "The Italy Collection", "https://www.csgodatabase.com/collections/the-italy-collection/", "https://www.csgodatabase.com/images/collections/Italy.png");

INSERT INTO Collections(collectionID, collectionName, collectionURL, collectionIconURL) VALUES(10, "The Lake Collection", "https://www.csgodatabase.com/collections/the-lake-collection/", "https://www.csgodatabase.com/images/collections/Lake.png");

INSERT INTO Collections(collectionID, collectionName, collectionURL, collectionIconURL) VALUES(11, "The Mirage Collection", "https://www.csgodatabase.com/collections/the-mirage-collection/", "https://www.csgodatabase.com/images/collections/Mirage.png");

INSERT INTO Collections(collectionID, collectionName, collectionURL, collectionIconURL) VALUES(12, "The Safehouse Collection", "https://www.csgodatabase.com/collections/the-safehouse-collection/", "https://www.csgodatabase.com/images/collections/Safehouse.png");

INSERT INTO Collections(collectionID, collectionName, collectionURL, collectionIconURL) VALUES(13, "The Train Collection", "https://www.csgodatabase.com/collections/the-train-collection/", "https://www.csgodatabase.com/images/collections/Train.png");

INSERT INTO Collections(collectionID, collectionName, collectionURL, collectionIconURL) VALUES(14, "The Bank Collection", "https://www.csgodatabase.com/collections/the-bank-collection/", "https://www.csgodatabase.com/images/collections/Bank.png");

INSERT INTO Collections(collectionID, collectionName, collectionURL, collectionIconURL) VALUES(15, "The Cobblestone Collection", "https://www.csgodatabase.com/collections/the-cobblestone-collection/", "https://www.csgodatabase.com/images/collections/Cobblestone.png");

INSERT INTO Collections(collectionID, collectionName, collectionURL, collectionIconURL) VALUES(16, "The Overpass Collection", "https://www.csgodatabase.com/collections/the-overpass-collection/", "https://www.csgodatabase.com/images/collections/Overpass.png");

INSERT INTO Collections(collectionID, collectionName, collectionURL, collectionIconURL) VALUES(17, "The Cache Collection", "https://www.csgodatabase.com/collections/the-cache-collection/", "https://www.csgodatabase.com/images/collections/Cache.png");

INSERT INTO Collections(collectionID, collectionName, collectionURL, collectionIconURL) VALUES(18, "The Chop Shop Collection", "https://www.csgodatabase.com/collections/the-chop-shop-collection/", "https://www.csgodatabase.com/images/collections/Chop_Shop.png");

INSERT INTO Collections(collectionID, collectionName, collectionURL, collectionIconURL) VALUES(19, "The Gods and Monsters Collection", "https://www.csgodatabase.com/collections/the-gods-and-monsters-collection/", "https://www.csgodatabase.com/images/collections/Gods_and_Monsters.png");

INSERT INTO Collections(collectionID, collectionName, collectionURL, collectionIconURL) VALUES(20, "The Rising Sun Collection", "https://www.csgodatabase.com/collections/the-rising-sun-collection/", "https://www.csgodatabase.com/images/collections/Rising_Sun.png");

INSERT INTO Collections(collectionID, collectionName, collectionURL, collectionIconURL) VALUES(21, "The Baggage Collection", "https://www.csgodatabase.com/collections/the-baggage-collection/", "https://www.csgodatabase.com/images/collections/Baggage.png");

INSERT INTO Collections(collectionID, collectionName, collectionURL, collectionIconURL) VALUES(22, "The 2018 Inferno Collection", "https://www.csgodatabase.com/collections/the-2018-inferno-collection/", "https://www.csgodatabase.com/images/collections/2018_Inferno.png");

INSERT INTO Collections(collectionID, collectionName, collectionURL, collectionIconURL) VALUES(23, "The 2018 Nuke Collection", "https://www.csgodatabase.com/collections/the-2018-nuke-collection/", "https://www.csgodatabase.com/images/collections/2018_Nuke.png");

INSERT INTO Collections(collectionID, collectionName, collectionURL, collectionIconURL) VALUES(24, "The Canals Collection", "https://www.csgodatabase.com/collections/the-canals-collection/", "https://www.csgodatabase.com/images/collections/Canals.png");

INSERT INTO Collections(collectionID, collectionName, collectionURL, collectionIconURL) VALUES(25, "The Norse Collection", "https://www.csgodatabase.com/collections/the-norse-collection/", "https://www.csgodatabase.com/images/collections/Norse.png");

INSERT INTO Collections(collectionID, collectionName, collectionURL, collectionIconURL) VALUES(26, "The St. Marc Collection", "https://www.csgodatabase.com/collections/the-st-marc-collection/", "https://www.csgodatabase.com/images/collections/St._Marc.png");

INSERT INTO Collections(collectionID, collectionName, collectionURL, collectionIconURL) VALUES(27, "The Ancient Collection", "https://www.csgodatabase.com/collections/the-ancient-collection/", "https://www.csgodatabase.com/images/collections/Ancient.png");

INSERT INTO Collections(collectionID, collectionName, collectionURL, collectionIconURL) VALUES(28, "The Control Collection", "https://www.csgodatabase.com/collections/the-control-collection/", "https://www.csgodatabase.com/images/collections/Control.png");

INSERT INTO Collections(collectionID, collectionName, collectionURL, collectionIconURL) VALUES(29, "The Havoc Collection", "https://www.csgodatabase.com/collections/the-havoc-collection/", "https://www.csgodatabase.com/images/collections/Havoc.png");